样本组,样本数,attendance_rate_均值,assignment_completion_rate_均值,avg_assignment_score_均值,exam_score_均值,quiz_avg_score_均值,participation_frequency_均值,lms_logins_均值,avg_session_duration_均值,video_completion_rate_均值,self_assessment_score_均值,peer_feedback_score_均值,teacher_feedback_score_均值,engagement_index_均值
高质量正确识别,12,87.65084075927734,75.12833404541016,89.28917694091797,91.14249420166016,65.16000366210938,14.083333015441895,29.41666603088379,35.68583297729492,68.89749908447266,3.99666690826416,2.820833444595337,4.0991668701171875,0.5724999904632568
高质量漏判,0,,,,,,,,,,,,,
非高质量误判为高质量,12,88.50499725341797,72.5491714477539,84.98833465576172,90.60749053955078,70.46666717529297,12.25,30.58333396911621,42.97999954223633,55.60166931152344,3.9750001430511475,3.3083336353302,3.392500162124634,0.5141666531562805
